Model,Train Loss (Final),Val Loss (Final),Train Accuracy (Final),Val Accuracy (Final),Time (s)
filter_4_kernel_3_padding_1,1.8497816488976213,1.7119616666160071,0.35444,0.4272,120.6687183380127
filter_4_kernel_5_padding_1,1.929085139578455,1.8223209552490673,0.32416,0.4053,126.75717234611511
filter_64_kernel_5_padding_1,2.3025848868559815,2.3025848880743447,0.1,0.1,146.26961421966553
filter_64_kernel_3_padding_1,2.3025848868559815,2.3025848880743447,0.1,0.1,145.0853395462036
